Ensembl IDs,#Patient1
ENSG00000000003,0.183893933
ENSG00000000005,0
ENSG00000000419,47.55810036
ENSG00000000457,0
ENSG00000000460,0
ENSG00000000938,1042.014028
ENSG00000000971,0.012518418
ENSG00000001036,84.47565272
ENSG00000001084,2.305579103
ENSG00000001167,18.24923005
ENSG00000001460,1.188586221
ENSG00000001461,0.868899748
ENSG00000001497,3.840874505
ENSG00000001561,0.008843812
